"0","# data wrangling and basic visualization"
"0","library(tidyverse)"
"0","library(ggpubr)"
"0","library(data.table)"
"0","# statistics"
"0","library(rstatix)"
"0","library(EnvStats) "
"0","# Heatmap"
"0","library(ComplexHeatmap)"
"0","library(circlize)"
"0","# PCA"
"0","library(FactoMineR)"
"0","library(factoextra)"
"0","# pathway analysis"
"0","library(RBiomirGS)"
"0","#"
"0","library(devtools)"
"0","# source custom R functions"
"0","source_url(""https://raw.githubusercontent.com/MBender1992/base_scripts/Marc/R_functions.R"")  "
